ID,Text_code,date_modify,date_create
1,M1,"2020-03-21 11:47:10","2020-03-21 11:47:10"
2,M2,"2020-03-21 11:48:36","2020-03-21 11:48:36"
3,M3,"2020-03-21 11:51:23","2020-03-21 11:51:23"
4,M4,"2020-03-21 11:51:50","2020-03-21 11:51:50"
5,M21,"2020-03-21 13:12:44","2020-03-21 13:12:44"
6,M22,"2020-03-21 13:13:17","2020-03-21 13:13:17"
7,M23,"2020-03-21 13:13:36","2020-03-21 13:13:36"
8,M24,"2020-03-21 13:13:58","2020-03-21 13:13:58"
9,M25,"2020-03-21 13:14:24","2020-03-21 13:14:24"
10,M31,"2020-03-21 13:15:14","2020-03-21 13:15:14"
11,M32,"2020-03-21 13:15:40","2020-03-21 13:15:40"
12,M41,"2020-03-21 13:16:09","2020-03-21 13:16:09"
13,M42,"2020-03-21 13:16:37","2020-03-21 13:16:37"
16,F61,"2020-03-21 20:33:53","2020-03-21 20:33:53"
17,T61,"2020-03-21 20:35:24","2020-03-21 20:35:24"
18,F73,"2020-03-21 20:36:08","2020-03-21 20:36:08"
19,T74,"2020-03-21 20:36:45","2020-03-21 20:36:45"
20,F85,"2020-03-21 20:44:48","2020-03-21 20:44:48"
21,T86,"2020-03-21 20:45:17","2020-03-21 20:45:17"
22,F57,"2020-03-21 20:45:53","2020-03-21 20:45:53"
23,T58,"2020-03-21 20:46:28","2020-03-21 20:46:28"
24,T49,"2020-03-21 20:46:58","2020-03-21 20:46:58"
25,T410,"2020-03-21 20:47:20","2020-03-21 20:47:20"
26,F211,"2020-03-21 20:48:07","2020-03-21 20:48:07"
27,T212,"2020-03-21 20:48:30","2020-03-21 20:48:30"
28,F313,"2020-03-21 20:49:08","2020-03-21 20:49:08"
29,T314,"2020-03-21 20:49:34","2020-03-21 20:49:34"
30,F915,"2020-03-21 20:50:26","2020-03-21 20:50:26"
31,T916,"2020-03-21 20:50:47","2020-03-21 20:50:47"
32,F1017,"2020-03-21 20:51:23","2020-03-21 20:51:23"
33,T1018,"2020-03-21 20:51:51","2020-03-21 20:51:51"
34,S11,"2020-03-21 21:48:57","2020-03-21 21:48:57"
35,I12,"2020-03-21 21:49:30","2020-03-21 21:49:30"
36,S13,"2020-03-21 21:50:15","2020-03-21 21:50:15"
37,S14,"2020-03-21 21:50:39","2020-03-21 21:50:39"
38,B15,"2020-03-21 21:51:17","2020-03-21 21:51:17"
39,L26,"2020-03-21 21:54:49","2020-03-21 21:54:49"
40,I27,"2020-03-21 21:55:15","2020-03-21 21:55:15"
41,S28,"2020-03-21 21:55:50","2020-03-21 21:55:50"
42,S29,"2020-03-21 21:56:21","2020-03-21 21:56:21"
43,B210,"2020-03-21 21:58:09","2020-03-21 21:58:09"
44,B211,"2020-03-21 21:58:41","2020-03-21 21:58:41"
45,S312,"2020-03-22 10:14:12","2020-03-22 10:14:12"
46,I313,"2020-03-22 10:14:43","2020-03-22 10:14:43"
47,S314,"2020-03-22 10:15:17","2020-03-22 10:15:17"
48,S315,"2020-03-22 10:16:08","2020-03-22 10:16:08"
49,B316,"2020-03-22 10:16:35","2020-03-22 10:16:35"
50,L417,"2020-03-22 10:17:17","2020-03-22 10:17:17"
51,I418,"2020-03-22 10:17:40","2020-03-22 10:17:40"
52,S419,"2020-03-22 10:18:25","2020-03-22 10:18:25"
53,S420,"2020-03-22 10:18:54","2020-03-22 10:18:54"
54,B421,"2020-03-22 10:20:18","2020-03-22 10:20:18"
55,B422,"2020-03-22 10:20:45","2020-03-22 10:20:45"
56,I523,"2020-03-22 10:23:55","2020-03-22 10:23:55"
57,I524,"2020-03-22 10:24:33","2020-03-22 10:24:33"
58,B525,"2020-03-22 10:25:25","2020-03-22 10:25:25"
59,I626,"2020-03-22 10:26:03","2020-03-22 10:26:03"
60,I627,"2020-03-22 10:26:25","2020-03-22 10:26:25"
61,B628,"2020-03-22 10:29:46","2020-03-22 10:29:46"
62,B629,"2020-03-22 10:30:10","2020-03-22 10:30:10"
63,I730,"2020-03-22 10:30:56","2020-03-22 10:30:56"
64,I731,"2020-03-22 10:31:21","2020-03-22 10:31:21"
65,I732,"2020-03-22 10:32:14","2020-03-22 10:32:14"
66,I733,"2020-03-22 10:34:15","2020-03-22 10:34:15"
67,I734,"2020-03-22 10:35:01","2020-03-22 10:35:01"
68,FI735,"2020-03-22 10:35:45","2020-03-22 10:35:45"
69,S736,"2020-03-22 10:36:19","2020-03-22 10:36:19"
70,I737,"2020-03-22 10:36:51","2020-03-22 10:36:51"
71,FI738,"2020-03-22 10:37:33","2020-03-22 10:37:33"
72,S739,"2020-03-22 10:38:08","2020-03-22 10:38:08"
73,L740,"2020-03-22 10:38:51","2020-03-22 10:38:51"
74,B741,"2020-03-22 10:39:11","2020-03-22 10:39:11"
75,B742,"2020-03-22 10:39:35","2020-03-22 10:39:35"
76,I843,"2020-03-22 12:38:37","2020-03-22 12:38:37"
77,I844,"2020-03-22 12:39:01","2020-03-22 12:39:01"
78,I845,"2020-03-22 12:39:38","2020-03-22 12:39:38"
79,I846,"2020-03-22 12:40:01","2020-03-22 12:40:01"
80,I847,"2020-03-22 12:40:29","2020-03-22 12:40:29"
81,I848,"2020-03-22 12:40:54","2020-03-22 12:40:54"
82,S849,"2020-03-22 12:41:14","2020-03-22 12:41:14"
83,S850,"2020-03-22 12:41:36","2020-03-22 12:41:36"
84,B851,"2020-03-22 12:42:31","2020-03-22 12:42:31"
85,B852,"2020-03-22 12:42:59","2020-03-22 12:42:59"
86,L953,"2020-03-22 12:43:40","2020-03-22 12:43:40"
87,L954,"2020-03-22 12:43:59","2020-03-22 12:43:59"
88,L955,"2020-03-22 12:44:22","2020-03-22 12:44:22"
89,L956,"2020-03-22 12:44:47","2020-03-22 12:44:47"
90,L957,"2020-03-22 12:45:11","2020-03-22 12:45:11"
91,L958,"2020-03-22 12:45:41","2020-03-22 12:45:41"
92,L959,"2020-03-22 12:47:33","2020-03-22 12:47:33"
93,L960,"2020-03-22 12:48:02","2020-03-22 12:48:02"
94,L961,"2020-03-22 12:48:38","2020-03-22 12:48:38"
95,S962,"2020-03-22 12:49:01","2020-03-22 12:49:01"
96,S963,"2020-03-22 12:49:23","2020-03-22 12:49:23"
97,S964,"2020-03-22 12:49:54","2020-03-22 12:49:54"
98,B965,"2020-03-22 12:50:38","2020-03-22 12:50:38"
99,B966,"2020-03-22 12:51:16","2020-03-22 12:51:16"
100,L1067,"2020-03-22 12:52:00","2020-03-22 12:52:00"
101,L1068,"2020-03-22 12:52:25","2020-03-22 12:52:25"
102,I1169,"2020-03-22 12:53:24","2020-03-22 12:53:24"
103,I1170,"2020-03-22 12:53:53","2020-03-22 12:53:53"
104,S1171,"2020-03-22 12:54:18","2020-03-22 12:54:18"
105,B1172,"2020-03-22 12:54:45","2020-03-22 12:54:45"
106,I1273,"2020-03-22 12:55:12","2020-03-22 12:55:12"
107,I1274,"2020-03-22 12:55:34","2020-03-22 12:55:34"
108,S1275,"2020-03-22 12:55:59","2020-03-22 12:55:59"
109,B1276,"2020-03-22 12:56:25","2020-03-22 12:56:25"
110,I1377,"2020-03-22 12:57:20","2020-03-22 12:57:20"
111,I1378,"2020-03-22 12:57:44","2020-03-22 12:57:44"
112,I1379,"2020-03-22 12:58:10","2020-03-22 12:58:10"
113,S1380,"2020-03-22 12:58:34","2020-03-22 12:58:34"
114,B1381,"2020-03-22 12:59:01","2020-03-22 12:59:01"
115,I1482,"2020-03-22 12:59:44","2020-03-22 12:59:44"
116,I1483,"2020-03-22 13:00:08","2020-03-22 13:00:08"
117,I1484,"2020-03-22 13:00:28","2020-03-22 13:00:28"
118,S1485,"2020-03-22 13:00:46","2020-03-22 13:00:46"
119,B1486,"2020-03-22 13:01:08","2020-03-22 13:01:08"
120,I1587,"2020-03-22 20:08:58","2020-03-22 20:08:58"
121,I1588,"2020-03-22 20:09:21","2020-03-22 20:09:21"
122,I1589,"2020-03-22 20:10:05","2020-03-22 20:10:05"
123,I1590,"2020-03-22 20:10:32","2020-03-22 20:10:32"
124,B1591,"2020-03-22 20:11:05","2020-03-22 20:11:05"
125,L1692,"2020-03-22 20:11:45","2020-03-22 20:11:45"
126,I1693,"2020-03-22 20:12:14","2020-03-22 20:12:14"
127,I1694,"2020-03-22 20:12:37","2020-03-22 20:12:37"
128,I1695,"2020-03-22 20:13:00","2020-03-22 20:13:00"
129,B1696,"2020-03-22 20:13:26","2020-03-22 20:13:26"
130,B1697,"2020-03-22 20:13:52","2020-03-22 20:13:52"
131,I1798,"2020-03-22 20:14:20","2020-03-22 20:14:20"
132,I1799,"2020-03-22 20:14:46","2020-03-22 20:14:46"
133,B17100,"2020-03-22 20:15:09","2020-03-22 20:15:09"
134,I18101,"2020-03-22 20:15:29","2020-03-22 20:15:29"
135,I18102,"2020-03-22 20:15:45","2020-03-22 20:15:45"
136,B18103,"2020-03-22 20:16:10","2020-03-22 20:16:10"
